Name,3-gram 1,3-gram  2,3-gram  3,3-gram  4,3-gram  5

1K2a3m4i,merge pull request,request 75 from,pull request 75,do listy frankstatham,waynemrppatch52dodanie do listy
3141592654,to handle the,sure how to,so that the,not sure how,im not sure
A-ee,merge pull request,request 1 from,pull request 1,to be working,your commit a
ABruihler,update prey from,to 192 74925,prey from 191,from 191 to,191 to 192
Aaron,to the site,tag to the,blog a tag,adding blog a,a tag to
Aaron Jackson,updated all projects,up tests fixing,unused importsmoving nesperexamples,umaskmodifications to copyrightadding,to umaskmodifications to
Aaron Roller,required for release,master git checkout,is required for,git checkout is,checkout is required
AboveTheChemist,name after verification,badge name after,update repairmants 66updated,update newsmants 67updated,to account for
Adam Borowski,manpage fix being,interpreted as a,fix being interpreted,being interpreted as,as a troff
Alaa Moussawi,notebook for getting,intraday minute data,getting intraday minute,for getting intraday,adding notebook for
Alan Da Costa,update modelsmdfix typos,typos and improve,modelsmdfix typos and,improve some wording,and improve some
Alan Field,triggering ci on,synching to upstreammaster,robot triggering ci,releasenext after synching,on branch releasenext
Albert,worker allows empty,waiting for server,utils for waiting,use sendjson1 add,update to use
Alejandro Abdelnur,versions of staxapi,tucugitsvnid httpssvnapacheorgreposasfhadoopcommontrunk1559230 13f7953547bb03109956ffa450edef68,tarball has 2,staxapi jars tucugitsvnid,of staxapi jars
Aleksandr Statciuk,updated channel name,update grm3u updated,tvgname removed broken,tvgid and tvgname,removed broken link
Alex-Au1,merge pull request,to the change,to fit the,the new styles,the css is
Alexander Lukyanchikov,to homebrewcore instead,sampler added to,homebrewcore instead 74923,delete sampler added,added to homebrewcore
Alexander Solbrig,unfinishedwithout api connection,styling and image,rezept hinzuf√ºgen unfinishedwithout,hinzuf√ºgen unfinishedwithout api,connection styling and
Ali Ahmed,with maven 362,with license check,which is part,we downgrade it,ubuntulatest in gitlab
Ali Rizvi,update metadatametadata now,to add contributors,think exposing the,the original logger,the optional ability
Alice Wercker,commit at 20200101,canary commit at,at 20200101 005946631900279,at 20200101 004415482647882,20200101 005946631900279 0000
Allison Chou,merge pull request,request 40651 from,pull request 40651,of localized string,localized string fragments
Alvaro,sobre aceites mas,mas informacion actualizada,informacion sobre aceites,informacion actualizada 2019,info aceites 2019mucha
Andrea Carraro,value based on,svg cy value,on viewboxsize height,fix evaluate svg,evaluate svg cy
Andreas M√∂ller,version via composernormalizeversion,to specify version,specify version via,remove possibility to,possibility to specify
Andrew Asplund,assignment expanded dom,updated assignment expanded,manipulationupdated assignment expanded,expanded dom manipulationupdated,expanded dom manipulation
Andrew Dinh,use gatsby playground,to use gatsby,playground in development,install envcmd to,gatsby playground in
Andrew Koebbe,merge branch master,branch master of,an issue with,and will be,work is needed
Andrew Tridgell,for more than,yaw for moving,yaw feedback in,to emu ecu,to display status
Andrew Zaruba,there is no,when the jump,weak to actually,too weak to,to speak this
Angel Fernando Quiroz Campos,multiple lineitems for,lti allow multiple,lineitems for tool,for tool link,allow multiple lineitems
Anthony Mattson,url to the,to the readme,the readme file,the project url,project url to
Anthony Petre,to the pipeline,stage to the,deployment stage to,add a deployment,a deployment stage
Anthony Rossi,to have consistent,style across project,reformat code to,have consistent style,consistent style across
Antony Messerli,merge pull request,request 470 from,pull request 470,netbootxyzkdefixbugfix for neon,from netbootxyzkdefixbugfix for
Arthur Lisek-Koper,up the debug,ui significantly now,to send random,things are laid,the debug ui
Artur Souza,unit tests for,timer and reminder,tests for actormanager,for timer and,for actormanager fixes
Ashley Hughes,of githubcomqcu87zdotfiles into,merge branch ansible,githubcomqcu87zdotfiles into ansible,branch ansible of,ansible of githubcomqcu87zdotfiles
B-Seite,hoobs accessory configfile,fix json error,configfile fix json,add hoobs accessory,accessory configfile fix
Bangqi Xu,pa initial fix,pa in dr,mincut honor pa,macro pa initial,initial fix for
Bao Hoang,merge pull request,from bghoangmasterfix style,request 75 from,pull request 75,style of form
Ben Godfrey,that are implemented,remove functions from,implemented by other,gtkalerter that are,functions from gtkalerter
Ben Gunn,work with both,with both fractal,to work with,fractal and drupal,component to work
Ben Parli,update tokioasync fix,update tokio 4,tokioasync fix config,tokio 4 update,syncing bump version
Ben Rousch,to google plus,remove references to,references to google,plus it is,it is dead
Benjamin Russell,that broken test,text information frame,test for text,information frame encoding,for text information
Benjamin Spain,version of the,wip padding to,verify fixes text,unique key message,to support nav
Bernhard M. Wiedemann,user stagingbotautomatic update,update 000releasepackages to,to rev 377httpsbuildopensuseorgpackagerdiffopensusefactory000releasepackageslinkrevbaserev377by,rev 377httpsbuildopensuseorgpackagerdiffopensusefactory000releasepackageslinkrevbaserev377by user,377httpsbuildopensuseorgpackagerdiffopensusefactory000releasepackageslinkrevbaserev377by user stagingbotautomatic
Binish Maharjan,merge pull request,request 31 from,pull request 31,up to storyboard,sign up to
Birger J. Nord√∏lum,update hammerspoon from,to 0977 74929,hammerspoon from 0976,from 0976 to,0976 to 0977
Birgerev,position and asynced,cached block position,block position and,asynced light updates,and asynced light
Bitnami Containers,image updated to,component image updated,bitnami containers containersbitnamicom,updated to bitnamiprometheus2151r5signedoffby,updated to bitnamigrafana652r15signedoffby
Bjoern Kerler,merge pull request,request 31 from,pull request 31,x2 decryption key,realme x2 decryption
Blandine12,merge pull request,teamfibonaccijsday55working on new,request 24 from,pull request 24,on new counter
Brad,merge pull request,request 17 from,pull request 17,request 16 from,pull request 16
Brad Anderson,starts inside a,prevents a nav,nav mesh link,mesh link from,link from getting
Brandon Cheng,version to 20191229,travis ci rust,rust version to,ci rust version,bump travis ci
Brandon Li,update hadoopcommonchangestxt for,update changestxtgitsvnid httpssvnapacheorgreposasfhadoopcommontrunk1558953,to branch2 update,in branch23gitsvnid httpssvnapacheorgreposasfhadoopcommontrunk1559286,hadoopcommonchangestxt for hadoop10112
Brayden Marshall,went through entire,vimrc and tweaked,vim options and,tweaked settings check,through entire vimrc
Brokalys bot,price per sqm,per sqm data,monthly price per,sqm data house,riga 20191201 20191231
Bruno S Bertolani,routes models and,moduleupdate routes models,checkin moduleupdate routes,add checkin moduleupdate,models and databaseremoved
CheeseInTheDark,power is no,no adjustable by,is no adjustable,gun power is,by the driver
Chris Danis,ua running on,traffic from one,search api traffic,running on awsthis,reverts commit 5b1adde31e76da719f7a12211f9df6f20bd26b25and
Chris Nauroth,by chris naurothgitsvnid,contributed by chris,windows build instructions,vinaygitsvnid httpssvnapacheorgreposasfhadoopcommonbrancheshdfs46851559793 13f7953547bb03109956ffa450edef68,state requirement of
Christopher Davis,merge pull request,request 23 from,pull request 23,images for later,from dragonquillsadddefaultimagesadds default
Christopher Degawa,to fix conflicting,in enc and,globals in enc,fix conflicting globals,enc and dec
Christopher M. Cantalupo,m cantalupo christophermcantalupointelcom,christopher m cantalupo,with structurs owned,trying to get,to reporter and
Codus1127,merge pull request,request 51 from,pull request 51,from lazycoders1codysbranchcodys branch,51 from lazycoders1codysbranchcodys
Colin McCabe,space in edit,section cmccabegitsvnid httpssvnapacheorgreposasfhadoopcommontrunk1558974,reserve space in,log header and,in edit log
Cory Henderson,merge pull request,request 21 from,pull request 21,request for rooms,from cory0sjoinselectaxios request
CrazyJ36,uniform names across,toshiba rename installlisttoshibatxt,rename installlisttoshibatxt for,names across folders,installlisttoshibatxt for uniform
Damian Morgan,the rest of,updated the rest,the c topics,rest of the,of the c
Damien Elmes,work around poetry,to work around,so fails to,req completely to,pypi so fails
DanX27,january 2020 014458,idej≈± blyyy menetrend,cet idej≈± blyyy,blyyy menetrend v√°ltozat,2020 014458 cet
Daniel,working gui not,not amazing but,gui not amazing,but its there,amazing but its
Daniel Bennett,to dramatically speed,strongs words gradually,speed load times,speed by loading,show next and
Danilo Margarido,versions i want,variables and some,upgrade to 1904,unused variables and,travis comment unused
Dante19980224,this one and,see the difference,regular react and,react and see,postpone this one
Darnell,when follows and,submissions can occur,score submissions can,on when follows,limits on when
Daryn Sharp,workaround jdk7 process,process fd close,jdk7 process fd,hadoop10146 workaround jdk7,fd close bug
Dave Halter,work see 860,to get completions,sure to get,some more clarifications,more clarifications around
Dave Kelly,the ability to,values for the,to specify multiple,to be specified,the same configuration
Dave Thomas,testing and committed,importexperts to firestore,finalized testing and,committed importexperts to,and committed importexperts
David Cohen,merge pull request,request 20 from,pull request 20,from enmotusdavecohenmastermerge pull,enmotusdavecohenmastermerge pull request
David Cornelis Groothuizen Dijkema,to avoid generating,rules to avoid,recursion rules to,random integer between,integer between 1
David Haywood,new working clones,working clones gunnail,working clones 6115,trap15 ill do,test cpsystem3 trap15
David Liman,p child nodes,nodes as newline,handle each p,each p child,child nodes as
David Sandberg,use int64 in,to allow larger,intcodecomputer to allow,int64 in intcodecomputer,in intcodecomputer to
Dean Rexines,unet decaying lr,scripts saving model,saving model in,refine unet decaying,model in pb
Deep Bhattacharyya,merge pull request,request 9 from,pull request 9,from deeplydiligentdeepmessengermobilemessenger mobile,deeplydiligentdeepmessengermobilemessenger mobile mode
Delfio,tabelas e fun√ß√µes,novas tabelas e,nos index e,index e novas,e novas tabelas
Derek Shigetomi,to about me,tilt effect to,effect to about,added tilt effect,about me image
Devin Fitzsimons,merge pull request,request 1 from,pull request 1,from 412 to,handlebars from 412
Devin Halladay,user auth part,part 1 working,issues get user,get user auth,fix issues get
Devin Jolly (Lightling),to item drops,tweaked scene settings,subtle shading to,shading to item,scale animation to
Diversity Timestamping Service,up to 20200101,to 20200101 002337,timestamped commits up,newly timestamped commits,commits up to
Dominik Wilkowski,updated dependencies fixed,scriptsignedoffby dominik wilkowski,nuke scriptsignedoffby dominik,fixed nuke scriptsignedoffby,dominik wilkowski hidominikwilkowskicom
Don McCaughey,wrap to 80,with cevox and,tocevoxorg reformatted changed,to wrap to,to cevox in
Eddie Gomez,with brad dec,variable to const,var variable to,update to date,to date with
Eddie G√≥mez,merge pull request,request 20 from,pull request 20,request 19 from,pull request 19
Edwin Lee,as well as,well as plugin,to memory management,plugin method form,memory management as
Egor Kostan,update readmemdnoheadingpunctuation don‚Äôt,trailing to headings,readmemdnoheadingpunctuation don‚Äôt add,don‚Äôt add a,add a trailing
Elbert Alias,merge pull request,request 2853 from,pull request 2853,from fazlurrmasteradd orderonline,fazlurrmasteradd orderonline app
Eldinnie,merge pull request,request 6 from,pull request 6,newstuff into master,mcchewnewstuffmerge newstuff into
Eloy Dur√°n,those also enable,test fix failure,symbolicating errors at,semver pkg again,scripts because those
Emad Alharbi,updatedremove files to,to publish in,publish in maven,in maven repo,files to publish
Emilio,to the article,the border to,the article so,that i can,style it more
Eniola Oyewole,be able to,to be able,the option to,option to be,login capabilityadded the
Eric Liu,merge pull request,use css to,unselect eventsremove onchange,to ensure maxheight,the fold slotsremove
Eric Marty,workouts exercises entries,users workouts exercises,tables users workouts,schema and generate,generate eer diagram
Erik Alfvin,sizes for mobile,size fixed shaking,simulation box size,responsive orbit simulation,responsive header sizes
Erik Wramner,merge pull request,wrong set options,with container name,use docker inspect,to configure srs
Florian Seidl -Schulz,work now and,version0659satellites work now,upon orbitals and,still do not,shoot down launched
Flutterlice,wrong url in,using config url,url instead of,url in activity,repository using config
Franck Nijhof,to asyncawait 30336,tests from coroutine,migrate input tests,input tests from,from coroutine to
Fred Eisele,not found when,found when the,wherever there was,to handle the,there was a
Fred Wright,with python 3x,which was desupportedas,was desupportedas of,v3000testedpasses port lint,v3000testedpass port lint
GAierken,user id attributes,review likes dilikes,museum id user,likes dilikes serializer,id user id
Gabriel Chen,merge pull request,request 2 from,pull request 2,request 3 from,pull request 3
Gabriela Voll,with the help,updated readme and,times out eventually,the help of,the curl times
Garfield69,being marked as,with deluge and,which returns undefinedstate,when removing torrentsand,what it should
Gary,merge pull request,static html for,html for accessibility,for accessibility valid,accessibility valid html
Gary Ritchie,static html for,html for accessibility,for accessibility valid,accessibility valid html,with samp element
George Liu,centminsh menu option,menu option 15,too low for,to be working,still needs work
Gihan Ayeshmantha,merge pull request,request 3 from,pull request 3,request 4 from,pull request 4
GihanAyesh,merge branch master,branch master of,of httpsgithubcomgreatwhitesharkshrmsystem into,httpsgithubcomgreatwhitesharkshrmsystem into gihan,merge branch gihan
Goffin Simon,your user u,with u create,with a lang,was sent in,vopw2155628closes odooodoo42536signedoffby simon
Grant,trying to add,to add separate,separate logic for,names and moved,moved functions to
Greg Fodor,look and feel,hubs cloud look,cloud look and,and feel doc,added hubs cloud
Gregory O,merge pull request,request 3 from,pull request 3,request 4 from,pull request 4
Guangning,verifying this change,motivation the current,will show that,will detect that,to prevent bookie
Guilherme,the last index,some array by,last index in,last index from,index in arrayfind
Guligena Aierken,merge pull request,request 20 from,pull request 20,gaierkenhtmldelete for review,from gaierkenhtmldelete for
Hac,to css buttons,reskin 2nd passupdates,queries artist post,passupdates to css,mobile media queries
Hampus,so that it,update readmemdchanged so,that it is,readmemdchanged so that,it is clearer
Haohui Mai,by chris naurothgitsvnid,contributed by chris,to permissions contributued,to enforce acls,permissions contributued by
HappyTreeBeard,conventionuse 2 digit,2 digit days,update file naming,update file name,naming conventionuse 2
Harsh Patel,js and css,day 02 js,css clock completed,and css clock,02 js and
Haseeb Majid,replaced it with,for this change,x improvement new,with eslint as,will be deprecated
Helmasaur,ü•Ö error code,‚úèÔ∏è readme update,zeste de savoir,updated close 29,update typographic corrections
Hironsan,move tests to,unit and integration,tests to it,testing and move,test for organismsprojectdeletionform
Hong Xu,so that it,use durable functions,tune code for,total message count,to the common
Hubert Maraszek,nonsensical shader pairs,currently nonsensical shader,compile currently nonsensical,build and compile,and compile currently
Hunter Pugh,merge pull request,request 3 from,pull request 3,request 9 from,pull request 9
Husen Lokhandwala Home,table searchadmin profile,searchadmin profile and,profile and issue,and issue book,added table searchadmin
H√•var Henriksen,update norwegian bokm√•l,pontoon update norwegian,of facebook containerlocalization,norwegian bokm√•l nbno,nbno localization of
IOhacker,way to manage,to manage fineract,on docker compose,manage fineract cn,fineract cn on
Ido Ben-Hur,revert msm8998common overlay,enable burn in,to 40 since,thingthis reverts commit,statusnavbarthis reverts commit
Ishan Narula,with various cloud,up syncendpoint with,syncendpoint with various,setting up syncendpoint,section on setting
ItsDeltin,variables in indexed,variables as parameters,indexed variables as,in indexed variables,fixed calling variables
JE Low,an issue with,with how the,treated insolvable and,thing they are,they are not
Jack Howard,merge pull request,request 1 from,pull request 1,request 4 from,pull request 4
Jack Zhou,sourcelibencodercodec except ebmdrateestimationh,on files in,in sourcelibencodercodec except,files in sourcelibencodercodec,except ebmdrateestimationh ebintrapredictionc
Jacob Tonna,webspring data jpah2,using java 11added,toolsspring webspring data,the java spring,spring boot repo
Jairo Llopis,be able to,to configure srs,srs sender classes,plus addressing and,log in amavis
Jake,stock span problemboj,span problemboj 1904Î≤à,psgeeksforgeeks stock span,problemboj 1904Î≤à 01ÌÉÄÏùº,feat 2020ÎÖÑ 1Ïõî
Jake Witcher,type in languageconfigurationjson,of extlanguage template,languageconfigurationjson of extlanguage,in languageconfigurationjson of,fix type in
James Harrison,run on tomte,results for commit,for commit d5fc15846ba477d0d90ec033dce5b8d4328634a1,d5fc15846ba477d0d90ec033dce5b8d4328634a1 run on,commit d5fc15846ba477d0d90ec033dce5b8d4328634a1 run
James Lentini,update dataintegration from,from 8200342 to,dataintegration from 8200342,8200342 to 8300371,v√≠tor galv√£o infovitorgalvaocom
Jared Johnson,user from the,the user from,test getreauthaction sets,test getreauthaction dispatches,sets the user
Jarek Potiuk,works on mysql,without portpasswd 6763,the airflow db,shell works on,on mysql without
Jason Darrell Lowe,to improvements in,task progress contributed,task pings are,syslog contributed by,shegalovgitsvnid httpssvnapacheorgreposasfhadoopcommontrunk1558948 13f7953547bb03109956ffa450edef68
Jaz Singh,residuals propupgrade babel,propupgrade babel and,babel and build,and build process,add residuals propupgrade
Jeff Linahan,x vert shouldnt,verts on l2,vert shouldnt be,the bool table,shrinktree delete verts
Jeff Schomay,via another entity,target via another,setlink can lookup,set link via,parser for set
Jennifer Huang,pulsar summit cfp,the link issue,modifications add a,blog to announce,a blog to
Jeremy Moore,the capture folder,capture folder in,yet been set,the sessionadded getprimaryvariant,set as the
Jerome Haltom,which seems doable,to ref struct,struct which seems,ref struct which,changed to ref
Jerome Joof,merge pull request,request 17 from,pull request 17,jjblues86sergevents are working,from jjblues86sergevents are
Jerry Fan,wrong format fec000ffff16650,which might be,when validate hostname,validatehostname in serviceuri,validate hostname which
Jerry Hong,viewadd real explanations,the last slide,the bugginess of,real explanations and,public viewadd real
Jia Zhai,zk nodes already,zk nodes add,will fix this,will failed because,typos in the
Jing Zhao,zhaogitsvnid httpssvnapacheorgreposasfhadoopcommontrunk1559209 13f7953547bb03109956ffa450edef68,version number of,trunk and branch2,to the correct,the inconsistency of
"Joe Garcia, CISSP",split domain local,queries for services,local queries for,for services 117,fix 83 split
Joel Parker Henderson,to change select,demo capability to,change select value,capability to change,add demo capability
Johan,to separate components,result to separate,move chord finder,finder result to,chore move chord
John Leider,add new preset,chorerelease publish s,chorereadme update information,update information for,styles and fix
Jonathan Boiser,js using treesitter,for js using,fix afunction commands,commands for js,afunction commands for
Jono,weebot to portfolio,to portfolio and,server of githubcomjonoaugustineportfolio,portfolio and update,of githubcomjonoaugustineportfolio into
Jorge Pinna Puissant,debug assets in,when the user,only for the,not found when,found when the
Jose Sanchez,merge pull request,way history tab,the way history,tab is handling,is handling saving
Jose24San,way history tab,the way history,tab is handling,is handling saving,history tab is
Josh Bielick,due to the,workspace was the,workdirbeing set during,workdir or cwds,withouthaving to mess
Josh Cummings,merge pull request,upgrade to spring,to spring boot,spring boot 222,refactor test method
Joshua Coales,recent fa changes,parsing after recent,name parsing after,link checking and,fixing datetime checking
Jo√£o Victor Ramires Guimar√£es Brito,submit button if,refactoring disable submit,if validation fails,disable submit button,button if validation
JumHorn,reconstruct a 2row,matrix beats 8947,binary matrix beats,a 2row binary,2row binary matrix
Justin,will be called,which returns the,when exporting data,user this will,ui to multitrackeradded
Justin Mooney,version not specified,react version not,not specified warning,fix eslint react,eslint react version
Kamen Stanev,your sites a,you can see,wpcalypso and the,would get the,where you can
Kari Lockwood-Oliver,to nav menu,on all pages,nav menu on,menu on all,changes to nav
Karn Kaul,wrapper for context,wip add glibcxxdebug,use raii wrapper,raii wrapper for,linux debug builds
Kevin McGrevey,worstfansteamid and test,to return expected,test to return,correct worstfansteamid and,and test to
Kevin Nowaczyk,not a variable,key not a,is an array,field is an,array key not
Kevin Tan,merge pull request,request 2 from,pull request 2,from 412 to,handlebars from 412
King Lemming,merge pull request,request 49 from,pull request 49,trinsdargtcxgtcx gtc ic2c,tfarcenimtfarcenimpatch1fix item deletion
Knut Ahlers,seems to be,totaltransportedweight seems to,to be floatsignedoffby,knut ahlers knutahlersme,floatsignedoffby knut ahlers
KorobkaVadim,add duefocus 208,to duefocus cask,field to duefocus,duefocus 208 add,duefocus 208 74866
Krishna Veera Reddy,usage ofatomicsizeinit and,them in the,the usage ofatomicsizeinit,so removing anyoccurences,replaceconsts lint documentationreplaceconsts
Krzysiek,upgrade to spring,to spring boot,spring boot 222,refactor test method,boot 222 and
LXing,removed loading card,loading card fixed,fix errors removed,errors removed loading,card fixed pointerlock
Ladinu Chandrasinghe,merge pull request,sideeffecting nullary methods,request 148 from,pull request 148,ladinumasterremove few sideeffecting
Laksh Bhambhani,to quadruped cuz,switching to quadruped,setup but switching,quadruped cuz of,of power issues
Leonardo Faria,from 4414 to,webpack from 4414,4414 to 4415,bump webpack from,to 4415 coauthoredby
Leonardo de Moura,syntaxnodekinds registered in,syntaxnodekindextensionit contains all,registered in the,in the system,feat add syntaxnodekindextensionit
Leonel Chaves,trae del repositorio,se trae del,repositorio de crios2020,del repositorio de,de crios2020 el
Lisa,war ein stack,und ist nun,stack und ist,nun eine queue,mistake bank war
Loren Gordon,key for github,for github releases,encrypted deploy key,deploy key for,adds encrypted deploy
Lorenzo Mangione,to a mappings,moved enigma files,files to a,enigma files to,a mappings folder
Luca Bomben,update folx from,to 51413922 74927,from 51413921 to,folx from 51413921,51413921 to 51413922
Lucas,zap transformed the,whitecheckmark updated tests,updated tests for,transformed the logger,the logger object
Manny Cortez Studios,who to follow,to follow in,in backend api,follow in backend,added who to
Marc Davies,to make input,make input field,input field clear,field clear on,code to make
Marc Ferland,an issue with,with referenceerror primordials,v11 because of,to node v11,to downgrade to
Marcel Goldschen-Ohm,‚Äì visualizing machine,‚Äì jay alammar,visualizing machine learning,visual intro to,to numpy and
Marco Castelluccio,ablockingfirefox3ultrablame original commit,ablocking19ultrablame original commit,rmano ablockingfirefox3ultrablame original,reftests for bug,for bug 423998ultrablame
Mariia Pecherytsia,type npm start,to start project,to launch project,then npm start,start to launch
Markus Schirp,merge pull request,request 135 from,request 134 from,readme badges drop,pull request 135
Masahiro Sakamoto,there is a,jackson libraries to,when receiver queue,vulnerability in jacksondatabind,version there is
Mathi Gatti,testing algorithm modifications,modifications and adding,color based on,based on position,and adding color
Matteo Merli,be able to,we need to,zookeepersnapshottrustemptytrue for zk,zk34x from pulsar,zk to make
Matthew J. Hughes,templates and hooked,out html templates,html templates and,hooked up sass,building out html
MatthewTheGlutton,smglib add new,new features in,in random spawns,features in random,add new features
Max Kuhn,using procroc due,to using procroc,procroc due to,move back to,due to jackstatmodelmetrics29
Maxim Laikine,merge branch master,usersmlaikinesenderdynamic2 conflicts packagesazureservicessrcindexts,master into usersmlaikinesenderdynamic2,into usersmlaikinesenderdynamic2 conflicts,conflicts packagesazureservicessrcindexts packagesservicelibrarysrcindexts
Mazdak Farrokhzad,and will be,the type is,wrong and will,wouldleak the fact,wordingthe existing wording
Michael BAILLY,the overall file,the linshareuiuser frontend,system layout of,overall file system,of the linshareuiuser
Michael Babienco,with border and,transparent color with,show transparent color,color with border,border and strike
Michael Belousov,untested base of,of boat physics,completed untested base,boat physics tick,base of boat
Michael Skowronski,will see all,when someone on,usage instructions as,they will see,these bat files
Michael W. Olesen,merge pull request,request 12 from,pull request 12,request 10 from,pull request 10
Mikazuki,update emotion monorepo,monorepo to v10027,emotion monorepo to,v10027 coauthoredby renovate,v10027 25fixdeps update
Mike King,style loginoutsignup forms,poking around with,navbar fix poking,loginoutsignup forms navbar,forms navbar fix
Mike Lindner,very close to,value are very,stretch octave noise,range because value,octave noise range
Mircea (Mark) Halmagiu,instead of the,using the issues,the pulls api,the issues api,of the pulls
Mohamed Deerow,triggered when a,is triggered when,build docker containers,with prbuild prbranchname,when a pull
Mohammad S Anwar,updated github commits,summary section data,github commits summary,commits summary section, updated github
Mostapha,update for the,the latest release,release jan 1,latest release jan,jan 1 2020
Mulang Su,tried to fixed,to fixed a,method from a,from a so,fixed a draw
Nando Vieira,you want to,want to restore,to restore the,the previous detection,strategythis is a
Nate Prewitt,merge pull request,to requeststhreads in,requeststhreads in communityrecommended,request 5250 from,pull request 5250
Nate Roundy,to the meet,the meet up,meet up details,animation to the,added animation to
Nathan Mills,without any test,trivial rework code,this change is,rework code cleanup,is a trivial
Nathan Seidle,to begin function,setup to begin,redundant iom setup,move redundant iom,iom setup to
Nebbie Zebbie,to ban search,search param remembering,remembering for pagination,param remembering for,pagination fix to
Nicholas,merge pull request,request 171 from,pull request 171,some display text,from cringeauradevelopmentchanged some
Nick Pappas,merge branch master,branch master of,wrong set options,with container name,use docker inspect
Niclas Olofsson,tag not the,root tag not,return alternative root,not the root,alternative root tag
Nicolas HULEUX,r√©gime donn√© 1,possible en fonction,payer le moins,fonction dun r√©gime,en fonction dun
Nicolas Lempereur,there is a,would need to,webeditor revert update,update attribute of,to takeinto account
Nicolas Noble,merge pull request,request 174 from,pull request 174,pio devs verilog,nicolasnoblehardwareadding pio devs
Nischal Hada,merge pull request,request 2 from,pull request 2,quizbutton and quizresult,hadanischalfeaturesimplementquizbuttonquizresultimplemented quizbutton and
Noah Klayman,it is not,vueclipluginelectronbuilderi know boilerplates,traditional boilerplate thanks,this is okay,thanks for your
Nora_Wang,update and rename,typespy to summary,to summary of,summary of python,summary of data
NotSorru,updated readmemd to,to play the,to include instructions,scissors game in,rock paper scissors
OPSTestProduction,merge pull request,create a file,file e2edocsbranchproddynamicindexyml at,e2edocsbranchproddynamicindexyml at 20200101,a file e2edocsbranchproddynamicindexyml
Ocean-ey,merge pull request,request 1 from,pull request 1,voice to use,use in pms
Oleg Agafonov,wrong images download,images fixed wrong,images download for,for 6ed set,fixed wrong images
Oscar Esteban,suggestions from code,reviewcoauthoredby chris markiewicz,from code reviewcoauthoredby,code reviewcoauthoredby chris,chris markiewicz effigiesgmailcom
Panzerhandschuh,to data structure,parse of coli,of coli file,full parse of,file to data
Pascal T,merge pull request,request 17 from,pull request 17,from omeggarefactoclirefacto cli,17 from omeggarefactoclirefacto
Paul O'Shea,to home background,parallax fixed on,on mobile added,mobile added 100vh,if parallax fixed
Pete Higgins,pete higgins petepeterhigginsorg,docssignedoffby pete higgins,for api docssignedoffby,dev docssignedoffby pete,api docssignedoffby pete
Peter Mitrano,workweird ui include,ui include setup,setup though ,include setup though,buttons workweird ui
Pierre Zemb,verifying this change,be able to,without any test,trivial rework code,to be able
Pieter Schutz,to new factions,switch to new,new factions and,factions and add,and add new
Ping-Jou Chiang,return empty data,for empty cache,empty data for,data for empty,refactorserializer return empty
Prashant Shrestha,title done moving,real title done,parsing real title,moving to removing,fetching parsing real
PushKK,update femrutsfix error,skip ci update,russian translate fixed,in russian translate,femrutsfix error in
Raboliot Le Gris,zoom that almost,version of zoom,that almost works,of zoom that,fractal first version
Rachid Rezzik,with code from,notebook added with,jupyter notebook added,code from ide,added with code
Rajab Natshah,vardotvarbaseproject latest release,url issue for,the vardotvarbaseproject latest,the updateconfigjson 25,tag by composerprojectjsonurl
Rajendra Pardeshi,the function return,return valueskip ci,putting a null,null check for,issue id 0004230
Randall,yate from 5032,vuescan from 9715,update yate from,update vuescan from,update tinderbox from
Raul Ovalle,spaces but found,of 16 spaces,indentation of 16,found 12 errorindent,fix expected indentation
Rebecca Wallander,visiload t3 loader,visiload t1 loader,update bmxracersa3actually this,this contains a,the other side
Renovate Bot,update dependency comgoogleapiclientgoogleapiclient,to v1307 1916,dependency comgoogleapiclientgoogleapiclient to,comgoogleapiclientgoogleapiclient to v1307,choredeps update dependency
RevonZev,üëå improve golden,sword pickup reset,pickup reset timer,improve golden sword,golden sword pickup
Robert Chou,merge pull request,request 2 from,pull request 2,from robertchou91testupdate readmemd,2 from robertchou91testupdate
Robert Long,use the creator,the scene is,the creator attribution,scene is already,is already published
Robin Unger,when viewed on,viewed on user,view posts page,truncate posts when,to view posts
Roger Chapman,window to max,window arrangements in,the size of,the left tmux,size of the
Ryan Burn,test coverage for,other span construction,for other span,coverage for other,add test coverage
Ryan Davis,merge pull request,ryan davis zenspiderchefio,metaprogramming from controlevalcontext,any of the,the rest of
Ryan Senanayake,being marked as,zeroinit loop to,which caused for,where iterators in,were not being
Ryo Ota,vuecliooo from 411,update vuecliooo from,update update vuecliooo,from 411 to,411 to 412
SakaSun,verifying this change,without any test,trivial rework code,this change is,rework code cleanup
Saket Narayan,workaround for running,tests from the,running of tests,of tests from,from the ide
SandeepAmarnath,merge pull request,request 2 from,pull request 2,vijaymallamastersecond pull request,request ui changes
Sanford Ryza,yarn1496 protocol additions,when hprof mapreducetaskprofilemapreduceparams,via sandy ryzagitsvnid,to allow moving,specified gera shegalov
Sapele Moses,merge pull request,for post and,request 16 from,pull request 16,post and topic
SchizoDuckie,setup and icon,linux setup and,icon fixes 632,fix linux setup,and icon fixes
Scott Buchanan,zooming into 2d,scroll for zooming,on scroll for,into 2d map,implement on scroll
Sean DuBois,wait till they,two peerconnections and,till they exchange,they exchange audiovideo,peerconnections and wait
SeanRen,uniformity diagonal matrixmd,scale or uniformity,right multiply scale,projection matrix left,or uniformity diagonal
Sebastian Kalicki,merge pull request,request 1 from,pull request 1,request 3 from,pull request 3
Sergei Gerasenko,the ability to,to run against,to reflect the,run against rspec,rspec line numbers
Shen Yang,to fill input,input with abbreviation,fill input with,added ability to,ability to fill
Shizcow,slight performance boost,performance boost in,in term switching,boost in term,another slight performance
Shokupanman,merge pull request,to the meet,the meet up,request 49 from,pull request 49
Shougo,merge pull request,request 163 from,pull request 163,from deopletepluginssyntaxblacksources run,deopletepluginssyntaxblacksources run black
Shruti,merge branch master,branch master of,of httpsgithubcominspirationroboticsinspirationftc conflicts,master of httpsgithubcominspirationroboticsinspirationftc,httpsgithubcominspirationroboticsinspirationftc conflicts teamcodesrcmainjavaorgfirstinspiresftcteamcodehardwareconstantsjava
Sijie Guo,a specific broker,tool for operations,operations of a,of a specific,modifications add a
Silvan Mosberger,the nixops migration,stateversionswere left out,readd stateversionswere left,out from the,left out from
Sixtomaster,las listas compartidas,visualizar las listas,visual pero funcionando,via uploadesta es,version de la
Snoopy Crime Cop,merge master dorg,dorg ssuccessonly pr,uptodatemerged prs pr,master dorg ssuccessonly,master dorg ssuccessonlyrepository
Spencer Wood,allow one to,will caused by,when context is,wait for wookiee,up time to
Sridhar Ratnakumar,load blurb from,blurb from markdown,markdown advance rib,markdown 5 load,from markdown advance
Stepan Koltsov,when bytes feature,warning when bytes,unused method warning,method warning when,fix unused method
Stephan Risi,merge pull request,with 2nd degree,up namepreprocessingi know,to make tests,these changes before
Stephen Ramsay,up some variables,to the forecast,the forecast and,some more information,more information to
Steve B,to disable button,select func for,random select func,options array added,logic to disable
Sugu Sougoumarane,merge pull request,fix panic in,was an unnecessary,vstreamertestfixes 5636there was,unnecessary error check
Sunkwan Kwon,it is not,instead of the,will not be,variable should be,use one timer
THGABS,zhcnlangnew translation from,update zhcnlangnew translation,translation from chinese,from chinese minecraft,chinese minecraft wiki
Talen Fisher,merge pull request,request 9 from,pull request 9,to be a,that cythralcloudformationcustomresource adds
Tanner,thrown for multiple,scanner error thrown,multiple test cases,last commit before,handling scanner error
Tfarcenim,when picked up,voided when picked,up by satchels,satchels and addresses,picked up by
Tiago Boeing,websecure via cli,use websecure via,for use websecure,fix command for,command for use
Tianon Gravi,variant of redisbasics,tls variant of,then only after,testthis only applies,redisbasics testthis only
Tim Harper,use expungeafterseconds 0,update integration test,to use expungeafterseconds,test to use,integration test to
Tobias Briones,that i had,scripts that i,i had from,had from 2016,from 2016 added
Tom McDonald,jit helper frames,in dac stackwalker,hide jit helper,helper frames in,frames in dac
Tom Powers,merge pull request,to be used,request 6 from,pull request 6,used in main
Tomas Janousek,there is a,set the address,we set the,race between us,mac address for
Travis,merge pull request,request 197 from,pull request 197,from sroach1028beautifyingwebsitebeautifying website,197 from sroach1028beautifyingwebsitebeautifying
Travis CI User,travis ci auto,ci auto builder,builder at 20200101,auto builder at,at 20200101 0859
Trenton Arndt,the shield from,the health of,shield from the,separating the shield,of the boss
Truong Nguyen`,update data file,file at 20200101t005156144z,data file at,at 20200101t005156144z ci,20200101t005156144z ci skip
Tsz-wo Sze,upgradegitsvnid httpssvnapacheorgreposasfhadoopcommonbrancheshdfs55351559304 13f7953547bb03109956ffa450edef68,typo in dfsclientrenewlease,trunkgitsvnid httpssvnapacheorgreposasfhadoopcommonbrancheshdfs55351559305 13f7953547bb03109956ffa450edef68,through r1559304 from,support query and
TylerSeiford,v002 still need,still need a,need a cap,for the strip,cap for the
Unit Test App,this is a,test push with,is a test,a test push,push with 709967
Unknown,work on tilesimplemented,tilesimplemented rule tiles,tiles and made,tile test scene,started work on
Vanessa Sochat,version of the,vanessa sochat vsochatstanfordedu,to be consistent,be consistent with,with removal of
Vemahk,would require that,would just handle,would be a,will complete immediately,updates to that
Vish Potnis,vscode files and,update gitignore to,to include vscode,structure and basic,initial dir structure
Vivian L,merge pull request,viviaannmasterchanged some text,request 71 from,pull request 71,from viviaannmasterchanged some
WandererFan,tdadd arrow style,style pyramid contributed,pyramid contributed by,contributed by lidiriel,arrow style pyramid
WayneMRP,do listy frankstatham,≈Çamanie lkiz 3,nagminne ≈Çamanie lkiz,miesiƒÖce apelacjahttpsmrucznikrppltopic90581banfrankstatham ,lkiz 3 miesiƒÖce
WillHoll,to sweet alert,sweet alert in,change to sweet,alert in header,small change to
William Woodruff,windows new table,table ntfsjournalevents 5371coauthoredby,reece garretreeceusersnoreplygithubcom coauthoredby,ntfsjournalevents 5371coauthoredby garret,new table ntfsjournalevents
Wink Saville,trackpointpy added mkcsvheader,tests tcstocsvpy added,tcstocsvpy added passing,support for csv,row trackpointpy added
Wyatt Pearsall,merge pull request,to full width,styles to full,set print styles,request 99 from
Yen Ju Lai,merge pull request,from 207 to,request 4 from,pull request 4,rack from 207
Yevgeniy Miretskiy,when retryingrelease note,when importing over,transient errors when,to connection reset,to connection interruption
Yong Zhang,we need to,there is no,nettyall4132finaljar4132final at ionettychannelabstractchannelhandlercontextinvokechannelreadabstractchannelhandlercontextjava348,ionettychannelabstractchannelhandlercontextinvokechannelreadabstractchannelhandlercontextjava362 nettyall4132finaljar4132final at,ionettychannelabstractchannelhandlercontextinvokechannelreadabstractchannelhandlercontextjava348 nettyall4132finaljar4132final at
Yoshi Tashiro,use it as,this tax and,the 8 tax,tax of 10,tax group fiscal
Yoshitaka Terazawa,merge pull request,update dependency typescript,typescript to v374,request 159 from,pull request 159
Zachary Rondos,xcode to your,to your github,your github account,xcodeandgithubmdhere is my,tutorial on connecting
Zachary Spector,test for compound,for compound historical,compound historical queries,another test for,add another test
Zack Johnson,raw images folder,maptemp art first,map and raw,first maptemp art,first map and
Zevest,testfixed missing importadded,pjfx test project,missing importadded pjfx,issue and added,importadded pjfx test
"Zheng, Lei",there is no,will get the,will delay the,why this problem,which is fixed
Zoom.Quiet,upgradeplanet auto by,from aoi in,crontab from aoi,by crontab from,auto by crontab
aaveg,tracking of bounding,of bounding boxes,implemented tracking of,boxes along various,bounding boxes along
adityamaddala,with azure pipelinesskip,up ci with,set up ci,ci with azure,azure pipelinesskip ci
adridg,so that the,now it does,you can still,with openal installed,was already there
ainstushar,version 74921expected eacdd24d48fecc6ee133495d3ee62f351b656ef18cf5c6728b6c7cd52e713641,updated sha for,sha for latest,latest version 74921expected,for latest version
ajrhacker,merge pull request,request 6113 from,pull request 6113,from fakeshemppatch1c64cassxml update,fakeshemppatch1c64cassxml update bmxracersa3
albertgoncalves,path only for,only for linux,linux for now,for now anyways,for linux for
algol60,with text that,too long for,the drawing buffer,that is too,text that is
andres.robles,http client to,uses of the,usersrefactor all uses,use the adapter,to use the
angelruiz,revert working in,working in design,of color background,in design of,design of color
anouarbensaad,tunisia sort alphabetic,state of tunisia,sort alphabetic ,places and state,of tunisia sort
ardnew,with proper oop,version class to,to prevent name,to arduino c,rename version class
balace ballack,server management of,support for dropbox,pics added support,of venue pics,of gallery pics
bbertolani,merge pull request,request 9 from,pull request 9,from bbertolani8checkins8 checkins,9 from bbertolani8checkins8
bbittiker1,update serializejavascript to,to 211 as,serializejavascript to 211,per github vulnerablity,github vulnerablity suggestion
belinda-wong,tls authentication on,enabling tls authentication,authentication and authorization,the link issue,see enabling tls
blau0123,merge pull request,request 78 from,pull request 78,from blau0123mastersome home,blau0123mastersome home css
bors,auto merge of,usage ofatomicsizeinit and,them in the,the usage ofatomicsizeinit,so removing anyoccurences
cameronshinn,still needs work,try again to,to fix about,servers newline after,reaction handling still
cckellogg,bookiemem and bookiegc,when running in,vars if set,useful when running,use bookiemem and
cgschu1tz,were a giant,waste of time,plugins were a,giant waste of,a giant waste
cjxd-bot-test,merge pull request,request 1 from,pull request 1,request 2 from,pull request 2
clairedavies,using iioe data,update info for,sti using iioe,info for sti,for sti using
closedsum,wip updating naming,updating naming for,naming for data,for data related,data related items
confusdcodr,packages in travis,makefile and update,fix makefile and,dependabot configurations fix,configurations fix makefile
congbo,verifying this change,this change add,the logical for,schema compatibility strategy,schema compatibility check
daneshchacko,tanjung piai to,rename metadata of,piai to tanjungpiaimetadataandlicence,p165 tanjung piai,of p165 tanjung
deepscanbot,merge branch master,branch master of,of httpsgithubcomautomatticwpcalypso into,master of httpsgithubcomautomatticwpcalypso,httpsgithubcomautomatticwpcalypso into head
deidra,working on getting,update still working,update correctly this,to show and,this is just
dependabot-preview[bot],from 4414 to,webpack from 4414,testsbumps githubcomgruntworkioterratesthttpsgithubcomgruntworkioterratest from,in testsbumps githubcomgruntworkioterratesthttpsgithubcomgruntworkioterratest,from 121218 to
dependabot[bot],from 3121 to,3121 to 3122,from 412 to,from 207 to,puma from 3121
dhrumpy,to the keyword,the keyword name,the data pertaining,pertaining to the,data pertaining to
doctor4t,to combine books,recipe to combine,combine books with,books with pages,add recipe to
duncan ralph,tue dec 31,pushed on tue,on tue dec,forecasts pushed on,dec 31 165121
ehuan2,to be changed,of classes to,classes to be,bunch of classes,be changed later
eileen,wasnt running reliably,to strip out,the class wasnt,test on buildmembershiptypevalues,strip out some
ejelome,with onepaged homepage,with homepageadded sphinxpowered,theme with homepageadded,technical documentation in,sphinxpowered technical documentation
elangovan sivanandam,merge pull request,race between us,between us and,us and udev,set race between
enpuyou,to be consistent,be consistent with,message to be,exception message to,change exception message
erfankashani,merge pull request,from 3121 to,3121 to 3122,request 3 from,pull request 3
ericberman,svn 6899 allow,null lastactivity lastlogin,lastlogin and lastpasswordchange,lastactivity lastlogin and,for null lastactivity
fernandohernandezpaz,transparencia a los,por genero aplicando,por educacion grafico,para grafico por,metas por genero
fxnoob,whatsapp web cli,web cli radhey,radhey radhey and,radhey and new,new yearmessage init
garfield69,publishers as at,listeners and publishers,events listeners and,as at v114,and publishers as
geekwise-korey-nichols,be able to,to be able,to add new,update changed serializers,to branch with
george,tue dec 31,version tue dec,new version tue,dec 31 164350,31 164350 std
gforney,merge pull request,windows gcc compiler,when using windows,wchart when using,using windows gcc
github username,tool name format,to search method,search method in,output format for,modify date output
gwmatthews,pages and add,out more pages,more pages and,fix find out,find out more
hayden7913,with regualr mongo,replace aggregation with,rename to countactiveroutesbyexitnodes,rename getmonitorupdates countactiveroutesbyexitnodesrefactor,regualr mongo query
hellenxu,wrap up before,up before potential,potential new features,of as a,news of as
heroku-bot,main 1 file,file 3 3,facebook main 1,am facebook main,20200101 1249 am
hi-the-swan,to help analyze,results and log,help analyze results,class autoreviewanalysis to,autoreviewanalysis to help
hkw,update link to,to sdetautomation and,sdetautomation and update,link to sdetautomation,and update test
huangdx0726,‚Äùcommongodbasyncclient‚Äù package with,use reactivestreams client,sink 5635fixes 5612,replace ‚Äùcommongodbasyncclient‚Äù package,reactivestreams client for
hunter-heidenreich,more counts and,hashing of bills,counts and hashing,and hashing of,add more counts
hww1996,fixed bug fixed,bug fixed bug,Ê∑ªÂä†Êñ∞ÁöÑmember changeÁöÑÊñπÊ≥ï 43,‰øÆÂ§ç‰ΩøÁî®ÊóßconfÁöÑbug bug fixed,fixed Êñ∞ÁöÑmember changeÁöÑÊñπÊ≥ï
id405,up multiple spaces,take up multiple,tabes take up,spaces defined by,multiple spaces defined
iwilliamson,testers issue 7336,mame testers issue,issue 7336 6116,intvoice fix mame,intellivoice for intvoice
jadcoinc,merge pull request,request 7 from,pull request 7,jadcoincsection2lesson22created book controller,from jadcoincsection2lesson22created book
jbeich,github watch releases,by github watch,x86 for now,x11wmsway update to,x11toolkitswlroots update to
jenkins-x-bot,merge pull request,was jx step,versions filter images,step create pr,run was jx
jerryfishzz,only for the,with browsing so,userbehavior state to,userbehavior is only,user behavior state
jhale,update to 582pr,to 582pr 243008submitted,financeaqbanking update to,by eric freebsdkrausseredvde,582pr 243008submitted by
jnm2,warning rather than,than crashing with,report warning rather,rather than crashing,crashing with nre
jofsky,üì¶ updating files,working version merging,version merging with,updating files for,merging with master
johan gace,update the book,the book challenge,challenge for 2019,book challenge for, update the
jonathansadowski,update error handling,to progress page,progress page update,polling to progress,page update error
joshith,to provide stoploss,to honor strategies,strategies to provide,provide stoploss takeprofit,honor strategies to
jz0001,to render cards,thisstatesearchresult is not,started rendering search,search results in,results in semantic
ke0m,scripts for creation,qc of prestack,prestack and postack,of prestack and,for creation and
kmorgan8588,updates post route,to accept a,the entire bodyalso,the body rather,than the entire
kosukesaigusa,wed jan 1,site wed jan,rebuilding site wed,jan 1 095251,1 095251 jst
kt,use exampleresources for,the format acctestrg1234567890,resource groups follow,groups follow the,for rg name
li-xie,to allow number,test newborns vary,of test newborns,number of test,modified to allow
linimon,is not known,fix build on,version 421approved by,to cxx compiler,the compiler feature
lipenghui,verifying this change,too low for,read 0 entries,is too low,increase redelivery count
mambax7,or class usage,mismatch in method,method call or,in method call,case mismatch in
mark m,wmi results 5504,to exec methods,on wmi results,methods on wmi,exec methods on
mateo4martinez,values to zero,the input values,so far quickly,quickly defaulted the,looks good so
mattdeitke,writing to closed,to closed stdin,fix brokenpipeerror caused,ffmpeg writing to,caused by ffmpeg
mestizoLopez,new methods for,methods for http,for http client,adding new methods,using objectserializer and
michael-doll,merge branch master,branch master of,of httpsgithubcommichaeldollfullstackmicrowebapplicationserver into,into dev conflicts,httpsgithubcommichaeldollfullstackmicrowebapplicationserver into dev
mika,to activate recent,recent grid if,key to activate,if empty search,grid if empty
milenaonmaui,use redirect for,switch in mealscontainer,redirect for incorrect,meal id and,incorrect meal id
mklewandowski,tool to export,to export graph,graph as image170222768,export graph as,add tool to
mobile-bungalow,up of replies,replies for mobile,replies but really,replies 87 mobile,refactor clean up
mokumus,year commit also,new year commit,happy new year,commit also aco,also aco tests
neilprado,request e response,relacionamento para nn,para nn com,nn com classe,modificando relacionamento para
neotsn neotsn,updates from 328,template updates from,panel template updates,control panel template,user control panel
netdatabot,package build process,latest package build,build process trigger,rpmbuild latest package,debbuild latest package
nhloder,merge pull request,request 21 from,pull request 21,to sweet alert,sweet alert in
nlog2n2,writed tmp code,tmp code i,i am fixing,code i am,am fixing now
ntysdd,repeated conditional test,potential npe and,npe and repeated,fix potential npe,and repeated conditional
outage-scrapers,with 4 customers,outages added with,added with 4,4 outages added,4 customers affected
pcubillos,when open actually,to request a,to open pdf,tests except for,testedadded mockwebbrowser fixture
pkubaj,fix build on,on gcc architecturesdevil,noconfigure error cant,needs c11 compilerchecking,lve without devil
pownkel,variables add applicationinsightsclient,to health api,to container handle,test runs in,secretsenv variables add
qronix,user registration to,to register and,to be selected,to be handled,to be controlled
quantum9Innovation,you wouldnt believe,wouldnt believe itthe,knew you wouldnt,i knew you,believe itthe unbelizeable
rene,for more than,when ndk is,via usesssl instead,using ndk default,usesssl instead of
romankagan,updated kotlin to,to 6x versions,to 1361 and,kotlin to 1361,gradle to 6x
rtrouton,merge pull request,request 60 from,pull request 60,kurehawarumasterimproved the scripts,from kurehawarumasterimproved the
santorregroza,with the projects,updated the index,update index pagesadded,to 2020 in,the projects page
sapeled3,for post and,post and topic,notification for post,create notification for,and topic like
serik1987,the manifest file,metadata from the,loading metadata from,from the manifest,added loading metadata
simerplaha,use null in,remove option and,option and use,null in mergelist,and use null
skullbe,merge pull request,request 2211 from,request 2210 from,request 2207 from,request 2206 from
skyblockz,user automated change,responsible user automated,bound price of,change changed the,automated change changed
snyk-bot,with an upgrade,vulnerabilitiesthe following vulnerabilities,vulnerabilities are fixed,upgrade orgspringframeworkspringweb from,upgrade orgapachestrutsstruts2springplugin from
sthen,move tests to,update to snail14916,update to pyicalendar404,to snail14916 from,to pyicalendar404 move
stolen data,x 1010yosemite compatibility,update mpvrb 74907updated,regaining os x,os x 1010yosemite,mpvrb 74907updated build
t9md,merge pull request,when using using,using using treesitter,request 1134 from,pull request 1134
takelley1,urxvt since tmux,tmux duplicates the,since tmux duplicates,second invocation of,remove second invocation
taylor,within seriescherry picked,to enable proper,seriescherry picked from,proper message ordering,picked from commit
tduplantis83,user profile slightly,random background images,more random background,modified user profile,images modified user
tjdwls3469,merge pull request,request 171 from,pull request 171,tjdwls3469featureissue82issue82 10430Î≤à ÎÇòÎ®∏ÏßÄ,from tjdwls3469featureissue82issue82 10430Î≤à
trimstray,signedoffby trimstray trimstraygmailcom,resources signedoffby trimstray,minor fix external,fix external resources,external resources signedoffby
tuteng,verifying this change,the null value,a null value,with a null,the commands on
tylerthome,merge pull request,wsbuckpythonrequirementsupdateupdated server requirementstxt,toms technical discussion,request 296 from,request 294 from
veganinthestreets,merge pull request,request 1 from,pull request 1,request 2 from,pull request 2
vincenira,the changelog and,logic for github,for github actions,changelog and logic,and logic for
wandererfan,tdfix 4234 initial,tdadjust symbol location,symbol location for,of section label,location for font
wmay,wfml flags closes,quarter wfml flags,flags closes 45,closes 45 and,and closes 46
wmayer,with proper enum,virtual method containsviewprovider,view but check,utf8 encoding for,to the first
xfmeng17,to how to,to find kth,to convert to,this problem is,sorted arraysremember this
y-yagi,merge pull request,from 121218 to,typesnode from 121218,121218 to 1312,yyagidependabotnpmandyarntypesnode1312bump typesnode from
yasiruRathnayaka97,merge pull request,request 7 from,pull request 7,yasirurathnayaka97masterleave functions added,from yasirurathnayaka97masterleave functions
ymatuhin,v202rewrote checking logic,v202 update npm,update npm scripts,source changes for,scripts htmlnano config
yosifkit,merge pull request,variant of redisbasics,tls variant of,request 7219 from,pull request 7219
youssef muhamad,to automate styleguide,prettier to automate,eslint and prettier,configure eslint and,automate styleguide formatting
zachhildreth,previous block hash,invalid previous block,hash from all,from all db,for invalid previous
zairazu,to 20191231 for,modified from 20191230,from 20191230 to,date modified from,20191231 for fireemsproblemcounts
zepumph,to ruler describer,ruler describer add,move jump alerts,jump alerts to,describer add jumpcenterkeyboardhint
zqf,the beginning or,that are the,tagging cells that,or end of,of a walk
zuquan song,zip tools when,when vm sets,vm sets up,vagrantfile update for,update for build
ÂÜâÂ∞èÈæô,when the user,we need to,signedoffby xiaolongran rxlapacheorg,a null value,xiaolongran rxlapacheorg fixes
